base_id,profile,university,degree,degree_class,uni_years,modules,school_years,alevels,gcses,job1_title,job1_org,job1_dates,job1_bullets,job2_title,job2_org,job2_dates,job2_bullets,skills
B01,"Economics graduate with internship experience in the finance team of a logistics company, where the work centred on cost reporting and supplier data. Seeking a graduate analyst role that uses econometrics and spreadsheet modelling.",University of Leeds,BSc (Hons) Economics,2:1,2023–2026,"Economic Theory and Applications, Intermediate Microeconomics, Statistics and Econometrics, Advanced Macroeconomics",2016–2023,"Mathematics (A), Economics (A), History (B)","9 GCSEs at grades 9–6, including Mathematics and English",Finance Intern,Northgate Logistics,Jun–Aug 2025,"Built a cost-per-route model in Excel covering 14 depots, used in the monthly management report|Reconciled 1,200 supplier invoices against purchase orders and flagged 38 duplicates|Wrote a short weekly summary of fuel spend for the finance manager",Research Assistant,"School of Economics, University of Leeds",Oct 2024–Mar 2025,"Cleaned and coded a 40,000-row household survey dataset in Stata for a lecturer's project|Produced descriptive tables and charts for a working paper","Excel (pivot tables, VLOOKUP), Stata, Python (pandas), SQL, PowerPoint, report writing"
B02,"Mathematics graduate with a summer of analysis work at a water utility, building demand forecasts from meter data. Looking for a graduate analyst position where statistical modelling and clear reporting matter.",University of Manchester,BSc (Hons) Mathematics,2:1,2023–2026,"Linear Algebra, Programming with Python, Linear Regression Models, Time Series Analysis",2016–2023,"Mathematics (A), Further Mathematics (A), Physics (A)","10 GCSEs at grades 9–6, including Mathematics and English",Data Analyst Intern,Pennine Water Services,Jul–Sep 2025,"Analysed smart-meter readings from 25,000 households in Python to estimate seasonal demand|Built a forecasting spreadsheet in Excel that the planning team adopted for its winter review|Presented findings to a team of eight engineers and analysts",Treasurer,Manchester University Mathematics Society,Sep 2024–Jun 2025,"Managed a budget of £3,200 and kept the accounts for 11 events|Prepared the year-end financial summary for the society's committee","Excel (forecasting, pivot tables), Python (NumPy, pandas), R, SQL, data cleaning, PowerPoint"
B03,Mathematics and statistics graduate who spent last summer in the pricing team of a mutual insurer. Seeking a graduate analyst role in data or business analysis.,University of York,BSc (Hons) Mathematics and Statistics,2:1,2023–2026,"Introduction to Probability and Statistics, Statistical Inference and Linear Models, Probability and Markov Chains, Time Series",2016–2023,"Mathematics (A), Further Mathematics (B), Physics (B)","9 GCSEs at grades 9–5, including Mathematics and English",Pricing Intern,Hallam Mutual Insurance,Jun–Aug 2025,"Analysed claims data for 18,000 home-insurance policies in R to test a proposed pricing change|Built a reconciliation spreadsheet that cut the monthly premium check from two days to half a day|Documented the pricing team's data sources for new starters",Student Data Assistant,"Student Services, University of York",Jan–Jun 2025,"Cleaned attendance records for 4,500 students and produced a termly summary for the department|Answered routine data requests from staff using Excel and SQL","Excel (pivot tables, Power Query), R, SQL, Python (pandas), data cleaning, report writing"
B04,"Business management graduate with operations experience at a housing association, improving how repairs data was recorded and reported. Seeking a graduate operations or business analyst role.",University of Birmingham,BSc (Hons) Business Management,2:1,2023–2026,"Quantitative Skills for Business, Business Strategy, Research Methods, International Business",2016–2023,"Business (A), Mathematics (B), Geography (B)","10 GCSEs at grades 9–5, including Mathematics and English",Operations Intern,Castlegate Housing Association,Jun–Aug 2025,Reviewed how repairs requests were logged across 6 neighbourhood offices and proposed one standard form|Built an Excel dashboard tracking 900 open repairs by priority and age|Supported the operations manager in weekly contractor meetings and wrote up the actions,Marketing Assistant (part-time),Fairfield Opticians,Oct 2024–May 2025,"Managed the practice's customer mailing list of 2,300 contacts and sent monthly updates|Tracked appointment bookings against each campaign in Excel","Excel (dashboards, pivot tables), Power BI, PowerPoint, SQL, report writing, data cleaning"
B05,"Geography graduate with GIS and survey-analysis skills, applied last summer in a borough council's planning department. Seeking a graduate analyst role in a data or operations team.",University of Nottingham,BA (Hons) Geography,2:1,2023–2026,"Interpreting Geographical Data, Techniques in Geography, Urban Geography, Global Climate Change",2016–2023,"Geography (A), Economics (A), Biology (B)","9 GCSEs at grades 9–6, including Mathematics and English",Planning Data Intern,Trent Valley Borough Council,Jul–Sep 2025,"Mapped 340 planning applications and produced ward-level summaries for the planning committee|Analysed 1,100 responses to a public consultation in Excel and wrote the summary report|Checked address data against the council's property register and corrected 200 records",Research Assistant,"School of Geography, University of Nottingham",Feb–May 2025,Digitised and cleaned survey data from 600 households for a lecturer's housing study|Produced maps and charts for a conference poster,"Excel (pivot tables, charts), R, SPSS, PowerPoint, report writing, data cleaning"
B06,"Economics and finance graduate with a summer in the finance department of an NHS foundation trust, supporting budget monitoring. Seeking a graduate finance or business analyst role.",University of Bristol,BSc (Hons) Economics and Finance,2:1,2023–2026,"Fundamentals of Accounting and Finance, Econometrics 1 for Economics and Finance, Microeconomic Analysis, Financial Markets and Corporate Finance",2016–2023,"Mathematics (A), Economics (A), Further Mathematics (A)","10 GCSEs at grades 9–6, including Mathematics and English",Finance Intern,Avonside NHS Foundation Trust,Jun–Aug 2025,"Supported monthly budget monitoring for 12 clinical departments, preparing variance reports in Excel|Checked 800 agency-staff invoices against timesheets and queried 45 discrepancies|Updated the finance team's reporting templates and wrote a guide to them",Treasurer,Bristol Economics Society,Sep 2024–Jun 2025,"Managed a £4,500 budget across a programme of talks and a careers event|Prepared monthly accounts for the committee and the students' union","Excel (pivot tables, SUMIFS), Stata, Python (pandas), PowerPoint, report writing"
B07,"Psychology graduate trained in quantitative research methods, with customer-insight experience at a building society. Seeking a graduate analyst role working with survey and customer data.",University of York,BSc (Hons) Psychology,2:1,2023–2026,"Brain and Behaviour I, Research Methods in Psychology II, Social Psychology and Individual Differences II, Perception and Cognition II",2016–2023,"Psychology (A), Biology (A), Mathematics (B)","9 GCSEs at grades 9–5, including Mathematics and English",Customer Insight Intern,Ridings Building Society,Jul–Sep 2025,"Analysed 2,400 customer survey responses in SPSS and reported the main drivers of satisfaction|Coded 650 free-text comments into themes and presented the results to the customer team|Built an Excel tracker so that survey results could be compared month on month",Research Assistant,"Department of Psychology, University of York",Oct 2025–Jan 2026,Ran 60 participants through an online decision-making experiment and managed the data files|Checked and cleaned the response data in R before analysis,"Excel (pivot tables, charts), SPSS, R, Python (pandas), PowerPoint, report writing"
B08,Data science graduate with experience of cleaning and analysing production data for an engineering firm. Seeking a graduate data analyst role.,Lancaster University,BSc (Hons) Data Science,2:1,2023–2026,"Probability and Statistics, Multivariate Probability and Statistics, Secure Data and Systems, Machine Learning",2016–2023,"Mathematics (A), Computer Science (A), Physics (B)","10 GCSEs at grades 9–6, including Mathematics and English",Data Intern,Lune Valley Engineering,Jun–Aug 2025,"Cleaned three years of machine downtime logs (120,000 rows) in Python and built a summary dashboard in Power BI|Identified the five fault codes behind 60% of lost production hours|Wrote the dashboard documentation for the production manager",Data Assistant (part-time),"Planning Office, Lancaster University",Oct 2024–Jun 2025,Prepared student-number tables for internal reports using SQL and Excel|Checked data returns for errors before submission,"Python (pandas, scikit-learn), SQL, Power BI, Excel (Power Query, pivot tables), R, data cleaning"
B09,"Accounting and finance graduate with accounts experience at a packaging manufacturer, covering reconciliations and month-end reporting. Seeking a graduate finance or business analyst role.",University of Bath,BSc (Hons) Accounting and Finance,2:1,2023–2026,"Statistics for Economics, Intermediate Accounting and Company Law, Intermediate Corporate Finance, Intermediate Empirical Finance",2016–2023,"Mathematics (A), Economics (B), Business (B)","9 GCSEs at grades 9–6, including Mathematics and English",Accounts Intern,Mendip Packaging,Jun–Aug 2025,Completed bank and supplier reconciliations for 3 company accounts each week|Prepared month-end accruals schedules and supported two month-end closes|Built an Excel model of packaging costs by product line for a pricing review,Treasurer,Bath Accounting and Finance Society,Sep 2024–Jun 2025,"Managed a budget of £2,800 and reported monthly to the committee|Organised sponsorship from 4 local firms for the society's careers evening","Excel (pivot tables, financial modelling), PowerPoint, SQL, Power BI, report writing"
B10,"Politics and economics graduate with research experience at a family-support charity, analysing service data for funding reports. Seeking a graduate analyst role in a policy, operations or data team.",Newcastle University,BA (Hons) Politics and Economics,2:1,2023–2026,"Analysing Economic Data, Microeconomic Analysis, Macroeconomic Analysis, Political Parties and Elections in the UK",2016–2023,"Politics (A), Economics (A), History (B)","10 GCSEs at grades 9–5, including Mathematics and English",Research Intern,Wearside Family Support (charity),Jul–Sep 2025,"Analysed service records for 1,900 families to show outcomes for a funding application|Designed and ran a user survey with 310 responses and reported the results to the trustees|Wrote case studies and data summaries for the annual report",Student Caller,"Alumni Office, Newcastle University",Oct 2024–Mar 2025,"Called alumni for the university's annual fundraising campaign and logged the outcomes|Raised £6,200 in pledges over 14 shifts","Excel (pivot tables, charts), SPSS, R, PowerPoint, report writing, data cleaning"
B11,"Business and management graduate with operations experience at a food distributor, where the focus was delivery scheduling and stock data. Seeking a graduate operations analyst role.",University of Exeter,BSc (Hons) Business and Management,2:1,2023–2026,"Statistics for Business, Operations Management, Human Resource Management, Strategy",2016–2023,"Business (A), Economics (B), English Literature (B)","9 GCSEs at grades 9–5, including Mathematics and English",Operations Analyst Intern,Westcountry Food Distribution,Jun–Aug 2025,Analysed delivery data from 40 routes and proposed a reschedule that cut average mileage by 7%|Built a stock-ageing report in Excel used in the weekly operations meeting|Documented the order dispatch process for the operations manager,Administrator (part-time),Haldon Lettings,Oct 2024–Jun 2025,Maintained records for 180 tenancies and prepared monthly rent arrears reports|Handled routine tenant and landlord enquiries by phone and email,"Excel (pivot tables, lookups), Power BI, SQL, PowerPoint, report writing"
B12,"Mechanical engineering graduate with a summer placement at a precision castings manufacturer, analysing production and quality data. Seeking a graduate analyst role in operations or data.",Loughborough University,BEng (Hons) Mechanical Engineering,2:1,2023–2026,"Mathematics for Mechanical Engineering, Thermofluids 2, Control System Design, Engineering Systems and Management",2016–2023,"Mathematics (A), Physics (A), Chemistry (B)","10 GCSEs at grades 9–6, including Mathematics and English",Engineering Intern,Midland Precision Castings,Jun–Aug 2025,Analysed scrap and rework data for 15 product lines in Excel and identified the two costing most|Built a Python script to pull daily output figures from the production database into a report|Supported a quality engineer on a root-cause investigation and wrote up the findings,Project Assistant,"Engineering Laboratories, Loughborough University",Jan–Jun 2025,"Catalogued 1,200 items of laboratory equipment into a new asset register|Produced a usage report that informed the department's equipment budget","Excel (pivot tables, charts), Python (pandas, Matplotlib), SQL, PowerPoint, report writing"
B13,Computer science graduate with experience of building reporting tools for a vehicle leasing company. Seeking a graduate data analyst role.,Cardiff University,BSc (Hons) Computer Science,2:1,2023–2026,"Mathematics for Computer Science, Software Engineering, Algorithms and Data Structures, Digital Transformation",2016–2023,"Mathematics (A), Computer Science (B), Physics (B)","9 GCSEs at grades 9–6, including Mathematics and English",Data Analyst Intern,Vale Vehicle Leasing,Jul–Sep 2025,"Built SQL queries and a Power BI report tracking 2,600 leased vehicles by contract end date|Automated a weekly mileage report in Python, saving the fleet team about 4 hours a week|Tested and documented the report so the team could run it after the internship",Web and Data Assistant,"Students' Union, Cardiff University",Oct 2024–Jun 2025,Maintained the membership database for 180 societies and produced termly membership figures|Fixed content issues on the union website and logged requests from society committees,"Python (pandas), SQL, Power BI, Excel (pivot tables, Power Query), Tableau, data cleaning"
B14,"Business economics graduate with commercial analysis experience at a timber supplier, covering pricing and margin reporting. Seeking a graduate business analyst role.",University of Liverpool,BA (Hons) Business Economics,2:1,2023–2026,"Maths, Statistics and Data Analysis for Business and Economics, Introductory Econometrics for Business and Economics, Management Economics and Strategy in an International Context, Industrial Organisation",2016–2023,"Economics (A), Mathematics (B), Geography (B)","10 GCSEs at grades 9–5, including Mathematics and English",Commercial Analyst Intern,Northwest Timber Supplies,Jun–Aug 2025,Analysed sales and margin data for 350 product lines and flagged 20 lines being sold below cost|Built a price-list comparison in Excel against three competitors|Prepared slides for the monthly commercial review,Events and Finance Officer,Liverpool Economics Society,Sep 2024–Jun 2025,"Ran a budget of £1,900 and organised 6 speaker events|Reported attendance and spend to the committee each term","Excel (pivot tables, SUMIFS), Tableau, Python (pandas), SQL, PowerPoint, report writing"
B15,"Mathematics with statistics graduate with a summer in the analytics team of a freight company, modelling delivery times. Seeking a graduate analyst role in data or operations.",University of Southampton,BSc (Hons) Mathematics with Statistics,2:1,2023–2026,"Introduction to Statistics, Statistical Inference, Statistical Modelling I, Design and Analysis of Experiments",2016–2023,"Mathematics (A), Further Mathematics (A), Economics (A)","9 GCSEs at grades 9–6, including Mathematics and English",Analytics Intern,Solent Freight Services,Jun–Aug 2025,"Modelled delivery times for 9,000 consignments in R to identify the routes with most delays|Built an Excel tool for the planning team to estimate transit times by route and day|Presented the results to the operations director and two depot managers",Research Assistant,"School of Mathematical Sciences, University of Southampton",Jun–Jul 2024,Ran simulations in R for a lecturer's project on queueing models and summarised the results|Prepared figures and a short technical note for the project report,"R, Excel (pivot tables, Solver), Python (pandas), SQL, Stata, report writing"
