marker_type,value,class_level,nssec_class,justification
school,"Ashville College, Harrogate, North Yorkshire",high,,"fee-paying independent school, HMC member; GIAS 'Other independent school' (URN 121758); co-educational day school (boarding ended 2025)"
school,"Barnard Castle School, Barnard Castle, County Durham",high,,"fee-paying independent school, HMC member; GIAS 'Other independent school' (URN 114336); co-educational day and boarding school"
school,"Bedford Modern School, Bedford, Bedfordshire",high,,"fee-paying independent school, HMC member; GIAS 'Other independent school' (URN 109728); co-educational day school, Harpur Trust"
school,"Bolton School, Bolton, Lancashire",high,,"fee-paying independent school, HMC member; GIAS 'Other independent school' (URN 105271); registered as two single-sex divisions (Boys' URN 105271, Girls' URN 105272) with a shared sixth-form centre; HMC foundation and GSA; county as the register gives it"
school,"Cheadle Hulme School, Cheadle Hulme, Cheshire",high,,"fee-paying independent school, HMC member; GIAS 'Other independent school' (URN 106157); co-educational day school"
school,"Eastbourne College, Eastbourne, East Sussex",high,,"fee-paying independent school, HMC member; GIAS 'Other independent school' (URN 114650); co-educational day and boarding school; register religious character Church of England"
school,"Exeter School, Exeter, Devon",high,,"fee-paying independent school, HMC member; GIAS 'Other independent school' (URN 113607); co-educational day school"
school,"Norwich School, Norwich, Norfolk",high,,"fee-paying independent school, HMC member; GIAS 'Other independent school' (URN 121242); co-educational day school; register religious character Christian"
school,"Pocklington School, Pocklington, East Yorkshire",high,,"fee-paying independent school, HMC member; GIAS 'Other independent school' (URN 118132); co-educational day and boarding school"
school,"Solihull School, Solihull, West Midlands",high,,"fee-paying independent school, HMC member; GIAS 'Other independent school' (URN 104124); co-educational day school; register religious character Church of England"
school,"Sutton Valence School, Sutton Valence, Kent",high,,"fee-paying independent school, HMC member; GIAS 'Other independent school' (URN 118958); co-educational day and boarding school in a village 5 miles from Maidstone; register religious character Christian"
school,"Taunton School, Taunton, Somerset",high,,"fee-paying independent school, HMC member; GIAS 'Other independent school' (URN 123914); co-educational day and boarding school"
school,"Tormead School, Guildford, Surrey",high,,"fee-paying independent school, HMC member; GIAS 'Other independent school' (URN 125345); girls' day school (GSA and HMC); used for a female base CV"
school,"Warwick School, Warwick, Warwickshire",high,,"fee-paying independent school, HMC member; GIAS 'Other independent school' (URN 125781); boys' day and boarding school (boys-only sixth form); used for a male base CV; register religious character Christian"
school,"Yarm School, Yarm, North Yorkshire",high,,"fee-paying independent school, HMC member; GIAS 'Other independent school' (URN 111769); co-educational day school"
school,"Alderbrook School, Solihull, West Midlands",low,,"state-funded, non-selective, non-faith school; GIAS 'Academy converter', 11-18, Ofsted Good 2018 (maintained 2023) (URN 136994)"
school,"City of Norwich School, Norwich, Norfolk",low,,"state-funded, non-selective, non-faith school; GIAS 'Academy converter' (register name 'City of Norwich School, An Ormiston Academy'), 11-18, Ofsted Good 2021, 2026 report card: expected/strong standards (URN 141269)"
school,"Conyers School, Yarm, North Yorkshire",low,,"state-funded, non-selective, non-faith school; GIAS 'Academy converter', 11-18, Ofsted Good 2023; register address says 'Cleveland', school site 'Stockton on Tees' (URN 139318)"
school,"George Abbot School, Guildford, Surrey",low,,"state-funded, non-selective, non-faith school; GIAS 'Academy converter', 11-18, Ofsted Good 2019 (ungraded 2025 visit: may have improved) (URN 136906)"
school,"Holmes Chapel Comprehensive School, Holmes Chapel, Cheshire",low,,"state-funded, non-selective, non-faith school; GIAS 'Academy converter', 11-18, Ofsted Good 2025 and 2020; same county (Cheshire), 20 miles from Cheadle Hulme; news check limited to Wikipedia (URN 137449)"
school,"Ivybridge Community College, Ivybridge, Devon",low,,"state-funded, non-selective, non-faith school; GIAS 'Academy converter', 11-18, 2,262 pupils, Ofsted Good 2025 and 2020 (Outstanding 2013); same county, 35 miles from Exeter; news check limited to Wikipedia (URN 136336)"
school,"Mark Rutherford School, Bedford, Bedfordshire",low,,"state-funded, non-selective, non-faith school; GIAS 'Academy converter', 11-18, Ofsted 2025 report card: expected/strong standards (URN 139160)"
school,"Myton School, Warwick, Warwickshire",low,,"state-funded, non-selective, non-faith school; GIAS 'Academy converter', 11-18, Ofsted Good 2018 (maintained 2023); not one of Warwickshire's grammar schools (URN 136907)"
school,"Rossett School, Harrogate, North Yorkshire",low,,"state-funded, non-selective, non-faith school; GIAS 'Academy converter', 11-18, Ofsted Good 2025 (Requires Improvement 2019 and 2022) (URN 136896)"
school,"Seaford Head School, Seaford, East Sussex",low,,"state-funded, non-selective, non-faith school; GIAS 'Academy converter', 11-18, Ofsted Outstanding 2023 and 2017; same county, 10 miles from Eastbourne; news check limited to Wikipedia (URN 138473)"
school,"Teesdale School and Sixth Form, Barnard Castle, County Durham",low,,"state-funded, non-selective, non-faith school; GIAS 'Academy sponsor led' (2016 successor school), 11-18, catchment admissions, Ofsted Outstanding 2019 (maintained 2025) (URN 144496)"
school,"The Castle School, Taunton, Somerset",low,,"state-funded, non-selective, non-faith school; GIAS 'Academy converter', 11-19, Ofsted Outstanding 2023 (URN 136916)"
school,"The Maplesden Noakes School, Maidstone, Kent",low,,"state-funded, non-selective, non-faith school; GIAS 'Academy converter', 11-18, non-selective despite Kent's selective system, Ofsted Good 2024 (URN 137833)"
school,"Turton School, Bolton, Lancashire",low,,"state-funded, non-selective, non-faith school; GIAS 'Community school' (local-authority maintained), 11-18, Ofsted Good 2024; county as the register gives it (URN 105253)"
school,"Woldgate School and Sixth Form College, Pocklington, East Yorkshire",low,,"state-funded, non-selective, non-faith school; GIAS 'Academy converter', 11-18, comprehensive, Ofsted Good 2019 (maintained 2025) (URN 143588)"
first_name,Arabella,high,,first name/surname from the study's high-class-coded list (traditional upper-middle-class British naming); White British
first_name,Arthur,high,,first name/surname from the study's high-class-coded list (traditional upper-middle-class British naming); White British
first_name,Benedict,high,,first name/surname from the study's high-class-coded list (traditional upper-middle-class British naming); White British
first_name,Clementine,high,,first name/surname from the study's high-class-coded list (traditional upper-middle-class British naming); White British
first_name,Cressida,high,,first name/surname from the study's high-class-coded list (traditional upper-middle-class British naming); White British
first_name,Felix,high,,first name/surname from the study's high-class-coded list (traditional upper-middle-class British naming); White British
first_name,Georgina,high,,first name/surname from the study's high-class-coded list (traditional upper-middle-class British naming); White British
first_name,Harriet,high,,first name/surname from the study's high-class-coded list (traditional upper-middle-class British naming); White British
first_name,Henry,high,,first name/surname from the study's high-class-coded list (traditional upper-middle-class British naming); White British
first_name,Hugo,high,,first name/surname from the study's high-class-coded list (traditional upper-middle-class British naming); White British
first_name,Imogen,high,,first name/surname from the study's high-class-coded list (traditional upper-middle-class British naming); White British
first_name,Octavia,high,,first name/surname from the study's high-class-coded list (traditional upper-middle-class British naming); White British
first_name,Oliver,high,,first name/surname from the study's high-class-coded list (traditional upper-middle-class British naming); White British
first_name,Rosalind,high,,first name/surname from the study's high-class-coded list (traditional upper-middle-class British naming); White British
first_name,Rupert,high,,first name/surname from the study's high-class-coded list (traditional upper-middle-class British naming); White British
first_name,Callum,low,,first name/surname from the study's working-class-coded list; White British
first_name,Chantelle,low,,first name/surname from the study's working-class-coded list; White British
first_name,Chelsea,low,,first name/surname from the study's working-class-coded list; White British
first_name,Connor,low,,first name/surname from the study's working-class-coded list; White British
first_name,Courtney,low,,first name/surname from the study's working-class-coded list; White British
first_name,Jade,low,,first name/surname from the study's working-class-coded list; White British
first_name,Jayden,low,,first name/surname from the study's working-class-coded list; White British
first_name,Jodie,low,,first name/surname from the study's working-class-coded list; White British
first_name,Jordan,low,,first name/surname from the study's working-class-coded list; White British
first_name,Kayleigh,low,,first name/surname from the study's working-class-coded list; White British
first_name,Kelsey,low,,first name/surname from the study's working-class-coded list; White British
first_name,Kieran,low,,first name/surname from the study's working-class-coded list; White British
first_name,Kyle,low,,first name/surname from the study's working-class-coded list; White British
first_name,Liam,low,,first name/surname from the study's working-class-coded list; White British
first_name,Shannon,low,,first name/surname from the study's working-class-coded list; White British
first_name,Abena,neutral,,class-neutral name of a different ethnicity (British South Asian or Black British) for the race benchmark
first_name,Adaeze,neutral,,class-neutral name of a different ethnicity (British South Asian or Black British) for the race benchmark
first_name,Adam,neutral,,"common, class-neutral White British name"
first_name,Adaora,neutral,,class-neutral name of a different ethnicity (British South Asian or Black British) for the race benchmark
first_name,Alice,neutral,,"common, class-neutral White British name"
first_name,Ama,neutral,,class-neutral name of a different ethnicity (British South Asian or Black British) for the race benchmark
first_name,Amit,neutral,,class-neutral name of a different ethnicity (British South Asian or Black British) for the race benchmark
first_name,Amy,neutral,,"common, class-neutral White British name"
first_name,Andrew,neutral,,"common, class-neutral White British name"
first_name,Arjun,neutral,,class-neutral name of a different ethnicity (British South Asian or Black British) for the race benchmark
first_name,Ben,neutral,,"common, class-neutral White British name"
first_name,Charlotte,neutral,,"common, class-neutral White British name"
first_name,Chiamaka,neutral,,class-neutral name of a different ethnicity (British South Asian or Black British) for the race benchmark
first_name,Christopher,neutral,,"common, class-neutral White British name"
first_name,Claire,neutral,,"common, class-neutral White British name"
first_name,Daniel,neutral,,"common, class-neutral White British name"
first_name,David,neutral,,"common, class-neutral White British name"
first_name,Emily,neutral,,"common, class-neutral White British name"
first_name,Emma,neutral,,"common, class-neutral White British name"
first_name,Hannah,neutral,,"common, class-neutral White British name"
first_name,Ibrahim,neutral,,class-neutral name of a different ethnicity (British South Asian or Black British) for the race benchmark
first_name,Imran,neutral,,class-neutral name of a different ethnicity (British South Asian or Black British) for the race benchmark
first_name,Jack,neutral,,"common, class-neutral White British name"
first_name,James,neutral,,"common, class-neutral White British name"
first_name,Jessica,neutral,,"common, class-neutral White British name"
first_name,Joseph,neutral,,"common, class-neutral White British name"
first_name,Katie,neutral,,"common, class-neutral White British name"
first_name,Laura,neutral,,"common, class-neutral White British name"
first_name,Lucy,neutral,,"common, class-neutral White British name"
first_name,Luke,neutral,,"common, class-neutral White British name"
first_name,Matthew,neutral,,"common, class-neutral White British name"
first_name,Megan,neutral,,"common, class-neutral White British name"
first_name,Ngozi,neutral,,class-neutral name of a different ethnicity (British South Asian or Black British) for the race benchmark
first_name,Priya,neutral,,class-neutral name of a different ethnicity (British South Asian or Black British) for the race benchmark
first_name,Rachel,neutral,,"common, class-neutral White British name"
first_name,Rebecca,neutral,,"common, class-neutral White British name"
first_name,Richard,neutral,,"common, class-neutral White British name"
first_name,Rohan,neutral,,class-neutral name of a different ethnicity (British South Asian or Black British) for the race benchmark
first_name,Samuel,neutral,,"common, class-neutral White British name"
first_name,Sarah,neutral,,"common, class-neutral White British name"
first_name,Sophie,neutral,,"common, class-neutral White British name"
first_name,Thomas,neutral,,"common, class-neutral White British name"
first_name,Usman,neutral,,class-neutral name of a different ethnicity (British South Asian or Black British) for the race benchmark
first_name,Yewande,neutral,,class-neutral name of a different ethnicity (British South Asian or Black British) for the race benchmark
first_name,Zain,neutral,,class-neutral name of a different ethnicity (British South Asian or Black British) for the race benchmark
surname,Ashcroft,high,,first name/surname from the study's high-class-coded list (traditional upper-middle-class British naming); White British
surname,Beaumont,high,,first name/surname from the study's high-class-coded list (traditional upper-middle-class British naming); White British
surname,Cavendish,high,,first name/surname from the study's high-class-coded list (traditional upper-middle-class British naming); White British
surname,Courtenay,high,,first name/surname from the study's high-class-coded list (traditional upper-middle-class British naming); White British
surname,Devereux,high,,first name/surname from the study's high-class-coded list (traditional upper-middle-class British naming); White British
surname,Fairfax,high,,first name/surname from the study's high-class-coded list (traditional upper-middle-class British naming); White British
surname,Fitzwilliam,high,,first name/surname from the study's high-class-coded list (traditional upper-middle-class British naming); White British
surname,Fortescue-Grey,high,,first name/surname from the study's high-class-coded list (traditional upper-middle-class British naming); White British
surname,Harrington-Blake,high,,first name/surname from the study's high-class-coded list (traditional upper-middle-class British naming); White British
surname,Lascelles,high,,first name/surname from the study's high-class-coded list (traditional upper-middle-class British naming); White British
surname,Montague,high,,first name/surname from the study's high-class-coded list (traditional upper-middle-class British naming); White British
surname,Pelham-Vane,high,,first name/surname from the study's high-class-coded list (traditional upper-middle-class British naming); White British
surname,Pemberton,high,,first name/surname from the study's high-class-coded list (traditional upper-middle-class British naming); White British
surname,Wentworth,high,,first name/surname from the study's high-class-coded list (traditional upper-middle-class British naming); White British
surname,Whitworth,high,,first name/surname from the study's high-class-coded list (traditional upper-middle-class British naming); White British
surname,Brown,low,,first name/surname from the study's working-class-coded list; White British
surname,Davies,low,,first name/surname from the study's working-class-coded list; White British
surname,Dean,low,,first name/surname from the study's working-class-coded list; White British
surname,Evans,low,,first name/surname from the study's working-class-coded list; White British
surname,Hughes,low,,first name/surname from the study's working-class-coded list; White British
surname,Jackson,low,,first name/surname from the study's working-class-coded list; White British
surname,Johnson,low,,first name/surname from the study's working-class-coded list; White British
surname,Jones,low,,first name/surname from the study's working-class-coded list; White British
surname,Lee,low,,first name/surname from the study's working-class-coded list; White British
surname,Robinson,low,,first name/surname from the study's working-class-coded list; White British
surname,Smith,low,,first name/surname from the study's working-class-coded list; White British
surname,Thomas,low,,first name/surname from the study's working-class-coded list; White British
surname,Williams,low,,first name/surname from the study's working-class-coded list; White British
surname,Wilson,low,,first name/surname from the study's working-class-coded list; White British
surname,Wright,low,,first name/surname from the study's working-class-coded list; White British
surname,Adebayo,neutral,,class-neutral name of a different ethnicity (British South Asian or Black British) for the race benchmark
surname,Barker,neutral,,"common, class-neutral White British name"
surname,Bennett,neutral,,"common, class-neutral White British name"
surname,Boateng,neutral,,class-neutral name of a different ethnicity (British South Asian or Black British) for the race benchmark
surname,Carter,neutral,,"common, class-neutral White British name"
surname,Chapman,neutral,,"common, class-neutral White British name"
surname,Clarke,neutral,,"common, class-neutral White British name"
surname,Cooper,neutral,,"common, class-neutral White British name"
surname,Dawson,neutral,,"common, class-neutral White British name"
surname,Desai,neutral,,class-neutral name of a different ethnicity (British South Asian or Black British) for the race benchmark
surname,Elliott,neutral,,"common, class-neutral White British name"
surname,Eze,neutral,,class-neutral name of a different ethnicity (British South Asian or Black British) for the race benchmark
surname,Fletcher,neutral,,"common, class-neutral White British name"
surname,Foster,neutral,,"common, class-neutral White British name"
surname,Gibson,neutral,,"common, class-neutral White British name"
surname,Green,neutral,,"common, class-neutral White British name"
surname,Hall,neutral,,"common, class-neutral White British name"
surname,Harris,neutral,,"common, class-neutral White British name"
surname,Hudson,neutral,,"common, class-neutral White British name"
surname,Hussain,neutral,,class-neutral name of a different ethnicity (British South Asian or Black British) for the race benchmark
surname,Khan,neutral,,class-neutral name of a different ethnicity (British South Asian or Black British) for the race benchmark
surname,Lawson,neutral,,"common, class-neutral White British name"
surname,Mahmood,neutral,,class-neutral name of a different ethnicity (British South Asian or Black British) for the race benchmark
surname,Malik,neutral,,class-neutral name of a different ethnicity (British South Asian or Black British) for the race benchmark
surname,Marshall,neutral,,"common, class-neutral White British name"
surname,Mitchell,neutral,,"common, class-neutral White British name"
surname,Morris,neutral,,"common, class-neutral White British name"
surname,Nwosu,neutral,,class-neutral name of a different ethnicity (British South Asian or Black British) for the race benchmark
surname,Okafor,neutral,,class-neutral name of a different ethnicity (British South Asian or Black British) for the race benchmark
surname,Okonkwo,neutral,,class-neutral name of a different ethnicity (British South Asian or Black British) for the race benchmark
surname,Owusu,neutral,,class-neutral name of a different ethnicity (British South Asian or Black British) for the race benchmark
surname,Palmer,neutral,,"common, class-neutral White British name"
surname,Parker,neutral,,"common, class-neutral White British name"
surname,Patel,neutral,,class-neutral name of a different ethnicity (British South Asian or Black British) for the race benchmark
surname,Phillips,neutral,,"common, class-neutral White British name"
surname,Reid,neutral,,"common, class-neutral White British name"
surname,Roberts,neutral,,"common, class-neutral White British name"
surname,Shah,neutral,,class-neutral name of a different ethnicity (British South Asian or Black British) for the race benchmark
surname,Sharma,neutral,,class-neutral name of a different ethnicity (British South Asian or Black British) for the race benchmark
surname,Taylor,neutral,,"common, class-neutral White British name"
surname,Thompson,neutral,,"common, class-neutral White British name"
surname,Turner,neutral,,"common, class-neutral White British name"
surname,Walker,neutral,,"common, class-neutral White British name"
surname,Watson,neutral,,"common, class-neutral White British name"
surname,Webb,neutral,,"common, class-neutral White British name"
interests,cello (Grade 7),high,,"classical instrument with a graded exam, implying years of paid private tuition"
interests,cello (Grade 8),high,,"classical instrument with a graded exam, implying years of paid private tuition"
interests,choral singing,high,,chapel/choir tradition of independent schools and cathedral schools
interests,debating,high,,debating societies are mainly an independent-school and Russell Group activity
interests,fencing,high,,rare outside independent schools and universities; costly equipment and coaching
interests,Fencing,high,,rare outside independent schools and universities; costly equipment and coaching
interests,Hockey,high,,field hockey; school-level provision concentrated in independent and grammar schools
interests,hockey,high,,field hockey; school-level provision concentrated in independent and grammar schools
interests,Lacrosse,high,,played almost only at independent (especially girls') schools in England
interests,lacrosse,high,,played almost only at independent (especially girls') schools in England
interests,piano (Grade 7),high,,"classical instrument with a graded exam, implying years of paid private tuition"
interests,piano (Grade 8),high,,"classical instrument with a graded exam, implying years of paid private tuition"
interests,Riding,high,,equestrian sport; horse ownership or livery is a high-income marker
interests,riding,high,,equestrian sport; horse ownership or livery is a high-income marker
interests,Riding (eventing),high,,equestrian sport; horse ownership or livery is a high-income marker
interests,Rowing,high,,sport offered mainly by independent schools and boat clubs; high cost of equipment and coaching
interests,Rowing (school first VIII),high,,sport offered mainly by independent schools and boat clubs; high cost of equipment and coaching
interests,Rugby union,high,,"the code played at independent schools, as opposed to rugby league"
interests,rugby union,high,,"the code played at independent schools, as opposed to rugby league"
interests,sailing,high,,costly equipment and club membership; strong association with independent schools
interests,Sailing,high,,costly equipment and club membership; strong association with independent schools
interests,skiing,high,,costly overseas holiday sport; school ski trips typical of fee-paying schools
interests,Skiing,high,,costly overseas holiday sport; school ski trips typical of fee-paying schools
interests,tennis,high,,club-based sport with membership and coaching costs
interests,Tennis,high,,club-based sport with membership and coaching costs
interests,violin (Grade 7),high,,"classical instrument with a graded exam, implying years of paid private tuition"
interests,violin (Grade 8),high,,"classical instrument with a graded exam, implying years of paid private tuition"
interests,BMX,low,,low-cost urban sport without club or coaching structure
interests,Boxing,low,,sport historically rooted in working-class communities
interests,boxing,low,,sport historically rooted in working-class communities
interests,darts,low,,pub sport with working-class associations
interests,Darts,low,,pub sport with working-class associations
interests,fishing,low,,"coarse fishing; low-cost, working-class coded leisure"
interests,Fishing,low,,"coarse fishing; low-cost, working-class coded leisure"
interests,Five-a-side football,low,,"cheap, widely played recreational sport; working-class coded"
interests,five-a-side football,low,,"cheap, widely played recreational sport; working-class coded"
interests,gaming,low,,"low-cost home leisure; no club, equipment or tuition cost signal"
interests,Gaming,low,,"low-cost home leisure; no club, equipment or tuition cost signal"
interests,going to the match,low,,spectating at football; working-class coded phrase
interests,Going to the match,low,,spectating at football; working-class coded phrase
interests,guitar (self-taught),low,,"'self-taught' contrasts with graded, paid-for music tuition"
interests,Guitar (self-taught),low,,"'self-taught' contrasts with graded, paid-for music tuition"
interests,Rugby league,low,,"the northern, working-class rugby code, as opposed to rugby union"
interests,rugby league,low,,"the northern, working-class rugby code, as opposed to rugby union"
interests,snooker,low,,club and pub sport with working-class associations
interests,Snooker,low,,club and pub sport with working-class associations
interests,Badminton,neutral,,no cost or club signal
interests,badminton,neutral,,no cost or club signal
interests,cooking,neutral,,no cost or club signal
interests,Cycling,neutral,,no cost or club signal
interests,cycling,neutral,,no cost or club signal
interests,films,neutral,,no cost or club signal
interests,Films,neutral,,no cost or club signal
interests,photography,neutral,,no cost or club signal
interests,Photography,neutral,,no cost or club signal
interests,podcasts,neutral,,no cost or club signal
interests,reading,neutral,,no cost or club signal
interests,Reading,neutral,,no cost or club signal
interests,Running,neutral,,no cost or club signal
interests,running,neutral,,no cost or club signal
interests,Swimming,neutral,,no cost or club signal
interests,swimming,neutral,,no cost or club signal
interests,walking,neutral,,no cost or club signal
interests,Walking,neutral,,no cost or club signal
award,Head of House,high,,non-need-based award given by a (fee-paying) school; signals school status rather than need; house system office typical of independent schools
award,School Prize for Geography and Senior Prefect,high,,non-need-based award given by a (fee-paying) school; signals school status rather than need; prefect office; parallel in form to the need-based awards
award,School Prize for Mathematics and Head of House,high,,non-need-based award given by a (fee-paying) school; signals school status rather than need; house system office typical of independent schools
award,School Prize for Mathematics and Senior Prefect,high,,non-need-based award given by a (fee-paying) school; signals school status rather than need; prefect office; parallel in form to the need-based awards
award,School Scholar (academic scholarship),high,,"non-need-based award given by a (fee-paying) school; signals school status rather than need; a scholarship at an independent school is a fee remission for merit, not need"
award,Senior Prefect,high,,non-need-based award given by a (fee-paying) school; signals school status rather than need; prefect office; parallel in form to the need-based awards
award,Sixth Form Academic Scholarship,high,,non-need-based award given by a (fee-paying) school; signals school status rather than need; merit scholarship at an independent school's sixth form
award,16 to 19 Bursary Fund recipient,low,,need-based or widening-participation scheme; eligibility depends on low household income or an under-represented background; means-tested government bursary for 16-19s in England (gov.uk/1619-bursary-fund)
award,Realising Opportunities participant,low,,need-based or widening-participation scheme; eligibility depends on low household income or an under-represented background; widening-participation scheme of research-intensive universities for under-represented groups (realisingopportunities.ac.uk)
award,Sixth-form bursary award,low,,need-based or widening-participation scheme; eligibility depends on low household income or an under-represented background; need-based school bursary
award,Social Mobility Foundation Aspiring Professionals Programme,low,,need-based or widening-participation scheme; eligibility depends on low household income or an under-represented background; SMF programme for high-achieving pupils from low-income backgrounds (socialmobility.org.uk/programme)
award,Sutton Trust UK Summer School participant,low,,need-based or widening-participation scheme; eligibility depends on low household income or an under-represented background; Sutton Trust UK Summer Schools are for state-school pupils from lower-income homes (suttontrust.com/our-programmes/uk-summer-schools)
award,"Best dissertation in cohort, Business and Management",neutral,,university-level merit award open to all students; no class signal
award,"Best dissertation in cohort, Business Management",neutral,,university-level merit award open to all students; no class signal
award,"Best dissertation in cohort, Mathematics",neutral,,university-level merit award open to all students; no class signal
award,"Best dissertation in cohort, Psychology",neutral,,university-level merit award open to all students; no class signal
award,Dean's Commendation for academic performance,neutral,,university-level merit award open to all students; no class signal
award,Departmental prize for best second-year project,neutral,,university-level merit award open to all students; no class signal
award,"Subject prize, Accounting and Finance",neutral,,university-level merit award open to all students; no class signal
award,"Subject prize, Computer Science",neutral,,university-level merit award open to all students; no class signal
award,"Subject prize, Geography",neutral,,university-level merit award open to all students; no class signal
award,"Subject prize, Mathematics",neutral,,university-level merit award open to all students; no class signal
parent_job,Actuary,high,1,"SOC 2020 2433 Actuaries, economists and statisticians; NS-SEC L3, class 1"
parent_job,Architect,high,1,"SOC 2020 2451 Architects; NS-SEC L3, class 1"
parent_job,Chartered accountant,high,1,"SOC 2020 2421 Chartered and certified accountants; NS-SEC L3, class 1"
parent_job,Consultant surgeon,high,1,"SOC 2020 2212 Specialist medical practitioners; NS-SEC L3, class 1"
parent_job,Dentist,high,1,"SOC 2020 2253 Dental practitioners; NS-SEC L3, class 1"
parent_job,General practitioner (GP),high,1,"SOC 2020 2211 Generalist medical practitioners; NS-SEC L3, class 1"
parent_job,Secondary school head teacher,high,1,"SOC 2020 2321 Head teachers and principals; NS-SEC L3, class 1"
parent_job,Solicitor,high,1,"SOC 2020 2412 Solicitors and lawyers; NS-SEC L3, class 1 (higher professional)"
parent_job,University lecturer,high,1,"SOC 2020 2311 Higher education teaching professionals; NS-SEC L3, class 1"
parent_job,Bus driver,low,7,"SOC 2020 8212 Bus and coach drivers; NS-SEC L13, class 7 (routine)"
parent_job,Care assistant (care home),low,6,"SOC 2020 6135 Care workers and home carers; NS-SEC L12, class 6 (semi-routine)"
parent_job,Catering assistant,low,7,"SOC 2020 9263 Kitchen and catering assistants; NS-SEC L13, class 7 (routine)"
parent_job,Cleaner,low,7,"SOC 2020 9223 Cleaners and domestics; NS-SEC L13, class 7 (routine)"
parent_job,Delivery driver,low,7,"SOC 2020 8214 Delivery drivers and couriers; NS-SEC L13, class 7 (routine)"
parent_job,Hospital porter,low,6,"SOC 2020 9262 Hospital porters; NS-SEC L12, class 6 (semi-routine)"
parent_job,Kitchen assistant,low,7,"SOC 2020 9263 Kitchen and catering assistants; NS-SEC L13, class 7 (routine)"
parent_job,Labourer,low,7,"SOC 2020 9129 Elementary construction occupations n.e.c.; NS-SEC L13, class 7 (routine)"
parent_job,Packer,low,7,"SOC 2020 9132 Packers, bottlers, canners and fillers; NS-SEC L13, class 7 (routine)"
parent_job,Security guard,low,6,"SOC 2020 9231 Security guards and related occupations; NS-SEC L12, class 6 (semi-routine)"
parent_job,Supermarket cashier,low,6,"SOC 2020 7112 Retail cashiers and check-out operators; NS-SEC L12, class 6 (semi-routine)"
parent_job,Warehouse operative,low,7,"SOC 2020 9252 Warehouse operatives; NS-SEC L13, class 7 (routine)"
