base_id,school_high,school_low,name_high,name_low,name_neutral,name_bench_a,name_bench_b,interests_high,interests_low,interests_neutral,award_high,award_low,award_neutral,parent_job_high,parent_job_low
B01,"Bedford Modern School, Bedford, Bedfordshire","Mark Rutherford School, Bedford, Bedfordshire",Hugo Pemberton,Connor Smith,James Taylor,Daniel Walker,Ibrahim Khan,"Rowing (school first VIII), violin (Grade 8), skiing","Five-a-side football, guitar (self-taught), gaming","Running, cooking, reading",School Scholar (academic scholarship),Sutton Trust UK Summer School participant,Departmental prize for best second-year project,Solicitor,Warehouse operative
B02,"Tormead School, Guildford, Surrey","George Abbot School, Guildford, Surrey",Imogen Beaumont,Kayleigh Jones,Sarah Thompson,Emma Clarke,Adaeze Okafor,"Lacrosse, piano (Grade 8), sailing","Boxing, darts, going to the match","Swimming, films, podcasts",Sixth Form Academic Scholarship,Realising Opportunities participant,"Subject prize, Mathematics",General practitioner (GP),Cleaner
B03,"Sutton Valence School, Sutton Valence, Kent","The Maplesden Noakes School, Maidstone, Kent",Rupert Whitworth,Kieran Wilson,Thomas Green,Matthew Hall,Arjun Sharma,"Rugby union, cello (Grade 7), skiing","Rugby league, fishing, gaming","Cycling, photography, walking",Head of House,Sixth-form bursary award,Dean's Commendation for academic performance,Chartered accountant,Bus driver
B04,"Taunton School, Taunton, Somerset","The Castle School, Taunton, Somerset",Arabella Fortescue-Grey,Chelsea Brown,Laura Mitchell,Hannah Foster,Ngozi Eze,"Hockey, choral singing, tennis","Five-a-side football, snooker, BMX","Badminton, cooking, films",Senior Prefect,16 to 19 Bursary Fund recipient,"Best dissertation in cohort, Business Management",Architect,Care assistant (care home)
B05,"Warwick School, Warwick, Warwickshire","Myton School, Warwick, Warwickshire",Henry Fairfax,Callum Hughes,Andrew Roberts,Christopher Bennett,Imran Malik,"Sailing, debating, fencing","Gaming, fishing, darts","Running, podcasts, photography",School Prize for Geography and Senior Prefect,Social Mobility Foundation Aspiring Professionals Programme,"Subject prize, Geography",University lecturer,Delivery driver
B06,"Ashville College, Harrogate, North Yorkshire","Rossett School, Harrogate, North Yorkshire",Clementine Wentworth,Jade Wright,Rachel Carter,Katie Palmer,Abena Boateng,"Riding (eventing), piano (Grade 7), lacrosse","Boxing, guitar (self-taught), going to the match","Walking, reading, swimming",School Scholar (academic scholarship),Sutton Trust UK Summer School participant,Dean's Commendation for academic performance,Dentist,Supermarket cashier
B07,"Yarm School, Yarm, North Yorkshire","Conyers School, Yarm, North Yorkshire",Felix Harrington-Blake,Jayden Dean,Jack Turner,Ben Cooper,Rohan Desai,"Rowing, debating, rugby union","Rugby league, five-a-side football, snooker","Cycling, cooking, podcasts",Head of House,Sixth-form bursary award,"Best dissertation in cohort, Psychology",Consultant surgeon,Security guard
B08,"Exeter School, Exeter, Devon","Ivybridge Community College, Ivybridge, Devon",Georgina Courtenay,Shannon Davies,Lucy Watson,Rebecca Chapman,Chiamaka Nwosu,"Tennis, violin (Grade 7), skiing","BMX, gaming, guitar (self-taught)","Badminton, reading, films",Sixth Form Academic Scholarship,Realising Opportunities participant,Departmental prize for best second-year project,Secondary school head teacher,Kitchen assistant
B09,"Bolton School, Bolton, Lancashire","Turton School, Bolton, Lancashire",Oliver Montague,Jordan Evans,Samuel Harris,Joseph Marshall,Usman Mahmood,"Fencing, choral singing, hockey","Darts, fishing, five-a-side football","Swimming, photography, running",School Prize for Mathematics and Head of House,Social Mobility Foundation Aspiring Professionals Programme,"Subject prize, Accounting and Finance",Actuary,Labourer
B10,"Eastbourne College, Eastbourne, East Sussex","Seaford Head School, Seaford, East Sussex",Rosalind Cavendish,Courtney Williams,Amy Webb,Megan Elliott,Ama Owusu,"Riding, cello (Grade 8), tennis","Going to the match, boxing, gaming","Walking, cooking, badminton",Senior Prefect,16 to 19 Bursary Fund recipient,Dean's Commendation for academic performance,Solicitor,Hospital porter
B11,"Barnard Castle School, Barnard Castle, County Durham","Teesdale School and Sixth Form, Barnard Castle, County Durham",Arthur Fitzwilliam,Liam Robinson,David Parker,Richard Morris,Amit Shah,"Rugby union, sailing, debating","Snooker, rugby league, guitar (self-taught)","Reading, cycling, films",School Scholar (academic scholarship),Sutton Trust UK Summer School participant,"Best dissertation in cohort, Business and Management",Chartered accountant,Packer
B12,"Pocklington School, Pocklington, East Yorkshire","Woldgate School and Sixth Form College, Pocklington, East Yorkshire",Harriet Devereux,Jodie Lee,Sophie Reid,Claire Barker,Yewande Adebayo,"Skiing, hockey, piano (Grade 8)","Fishing, BMX, going to the match","Running, swimming, podcasts",Sixth Form Academic Scholarship,Realising Opportunities participant,Departmental prize for best second-year project,Architect,Catering assistant
B13,"Solihull School, Solihull, West Midlands","Alderbrook School, Solihull, West Midlands",Benedict Ashcroft,Kyle Johnson,Adam Phillips,Luke Dawson,Zain Hussain,"Rowing, fencing, choral singing","Five-a-side football, boxing, darts","Photography, walking, cooking",School Prize for Mathematics and Senior Prefect,Social Mobility Foundation Aspiring Professionals Programme,"Subject prize, Computer Science",University lecturer,Warehouse operative
B14,"Norwich School, Norwich, Norfolk","City of Norwich School, Norwich, Norfolk",Octavia Lascelles,Chantelle Thomas,Emily Hudson,Jessica Lawson,Adaora Okonkwo,"Lacrosse, riding, violin (Grade 7)","Gaming, snooker, rugby league","Badminton, cycling, reading",Head of House,Sixth-form bursary award,Dean's Commendation for academic performance,General practitioner (GP),Cleaner
B15,"Cheadle Hulme School, Cheadle Hulme, Cheshire","Holmes Chapel Comprehensive School, Holmes Chapel, Cheshire",Cressida Pelham-Vane,Kelsey Jackson,Charlotte Gibson,Alice Fletcher,Priya Patel,"Sailing, tennis, cello (Grade 7)","Guitar (self-taught), BMX, five-a-side football","Films, running, walking",Senior Prefect,16 to 19 Bursary Fund recipient,"Best dissertation in cohort, Mathematics",Dentist,Care assistant (care home)
