participant_id,pair_id,first_variant,chosen_position,guess_job_1,guess_school_1,rating_1,guess_job_2,guess_school_2,rating_2
P001,cv14_implicit,high,2,manual,private,7,manual,state,4
P001,cv09_implicit,low,2,unsure,private,3,unsure,private,6
P001,cv12_implicit,low,2,manual,state,2,unsure,state,6
P001,cv10_implicit,high,1,professional,private,5,manual,state,5
P001,cv07_implicit,low,2,manual,unsure,6,manual,state,8
P001,cv15_implicit,high,1,professional,unsure,9,manual,state,6
P002,cv09_implicit,low,1,professional,private,6,professional,private,6
P002,cv06_implicit,high,2,professional,state,7,unsure,private,5
P002,cv03_implicit,low,1,unsure,state,5,professional,unsure,6
P002,cv07_implicit,high,2,manual,private,6,manual,state,6
P002,cv04_implicit,low,2,manual,state,5,professional,private,7
P002,cv14_implicit,high,2,manual,private,6,unsure,state,5
P003,cv03_implicit,low,2,professional,private,6,professional,state,6
P003,cv08_implicit,low,1,manual,private,4,professional,private,7
P003,cv11_implicit,high,2,professional,private,6,unsure,state,8
P003,cv13_implicit,low,2,unsure,private,7,professional,unsure,5
P003,cv15_implicit,low,2,manual,state,7,professional,state,6
P003,cv05_implicit,low,1,unsure,state,5,professional,private,8
P004,cv04_implicit,low,1,manual,unsure,7,manual,state,5
P004,cv09_implicit,high,1,manual,state,4,manual,unsure,6
P004,cv12_implicit,low,2,unsure,state,5,professional,private,8
P004,cv11_implicit,high,1,professional,private,7,professional,state,6
P004,cv13_implicit,low,2,professional,private,8,professional,private,7
P004,cv02_implicit,low,1,unsure,state,3,professional,private,6
P005,cv13_implicit,low,2,manual,private,4,professional,state,6
P005,cv10_implicit,low,1,manual,private,4,unsure,private,7
P005,cv02_implicit,low,2,manual,unsure,5,professional,private,5
P005,cv09_implicit,high,1,professional,state,8,manual,state,4
P005,cv05_implicit,high,1,professional,private,8,professional,state,4
P005,cv04_implicit,high,2,professional,private,6,manual,unsure,6
P006,cv10_implicit,low,2,professional,state,8,manual,state,7
P006,cv04_implicit,high,1,professional,state,4,manual,state,7
P006,cv15_implicit,low,2,manual,private,5,manual,unsure,7
P006,cv08_implicit,low,1,manual,private,5,manual,state,8
P006,cv12_implicit,high,1,professional,private,8,manual,state,5
P006,cv13_implicit,low,2,professional,unsure,5,professional,state,4
P007,cv10_implicit,low,2,manual,state,6,manual,private,7
P007,cv15_implicit,high,2,professional,private,6,manual,state,7
P007,cv02_implicit,high,1,unsure,unsure,7,manual,state,5
P007,cv11_implicit,high,1,professional,private,7,unsure,state,5
P007,cv13_implicit,low,2,manual,state,5,manual,private,6
P007,cv05_implicit,low,1,manual,state,3,unsure,unsure,4
P008,cv01_implicit,high,1,professional,private,5,manual,unsure,5
P008,cv03_implicit,low,1,professional,private,7,manual,private,7
P008,cv15_implicit,low,2,unsure,state,3,unsure,private,6
P008,cv08_implicit,high,2,professional,state,7,professional,private,6
P008,cv12_implicit,low,2,manual,private,3,professional,state,8
P008,cv11_implicit,low,1,manual,private,5,unsure,private,6
P009,cv07_implicit,low,2,manual,private,5,professional,private,4
P009,cv14_implicit,high,2,professional,private,6,professional,state,7
P009,cv08_implicit,high,2,manual,state,6,manual,state,5
P009,cv13_implicit,low,2,manual,private,6,professional,state,6
P009,cv01_implicit,low,1,manual,private,5,unsure,private,4
P009,cv11_implicit,low,1,manual,state,4,professional,private,7
P010,cv15_implicit,low,1,manual,state,6,professional,state,4
P010,cv13_implicit,low,2,manual,state,7,manual,state,4
P010,cv06_implicit,low,2,manual,state,4,professional,state,6
P010,cv07_implicit,high,2,manual,private,5,professional,state,5
P010,cv05_implicit,high,2,professional,private,6,professional,state,8
P010,cv12_implicit,high,1,professional,private,5,professional,private,6
P011,cv11_implicit,low,1,professional,state,6,professional,private,6
P011,cv02_implicit,high,2,professional,private,5,manual,unsure,5
P011,cv12_implicit,high,1,professional,private,6,manual,private,6
P011,cv05_implicit,low,2,manual,private,6,unsure,unsure,7
P011,cv15_implicit,high,2,professional,state,8,unsure,unsure,3
P011,cv01_implicit,high,1,manual,unsure,4,manual,private,7
P012,cv07_implicit,high,2,manual,private,7,professional,state,4
P012,cv12_implicit,high,1,professional,private,7,manual,unsure,4
P012,cv14_implicit,low,2,manual,private,3,professional,state,5
P012,cv05_implicit,high,1,unsure,private,5,manual,private,1
P012,cv15_implicit,low,2,manual,private,7,professional,state,7
P012,cv03_implicit,high,2,professional,unsure,6,professional,private,8
P013,cv03_implicit,low,2,professional,state,5,unsure,private,7
P013,cv06_implicit,high,1,professional,private,8,manual,state,6
P013,cv10_implicit,low,1,manual,state,6,professional,private,6
P013,cv11_implicit,high,2,professional,private,9,unsure,state,6
P013,cv05_implicit,high,2,professional,private,7,manual,state,3
P013,cv02_implicit,high,1,professional,private,7,manual,unsure,4
P014,cv10_implicit,low,2,manual,state,4,professional,private,7
P014,cv06_implicit,high,1,manual,private,5,manual,state,7
P014,cv08_implicit,low,2,professional,unsure,7,professional,private,7
P014,cv05_implicit,low,2,manual,state,3,unsure,private,6
P014,cv15_implicit,high,1,manual,private,6,manual,unsure,6
P014,cv11_implicit,high,2,professional,state,6,unsure,state,3
P015,cv15_implicit,high,1,professional,private,8,manual,state,8
P015,cv08_implicit,low,2,manual,private,5,unsure,unsure,5
P015,cv13_implicit,low,2,manual,state,7,unsure,private,7
P015,cv14_implicit,high,1,unsure,state,6,unsure,state,3
P015,cv07_implicit,high,2,professional,unsure,8,manual,state,5
P015,cv03_implicit,low,1,professional,unsure,5,manual,private,7
P016,cv11_implicit,low,2,unsure,state,3,professional,private,7
P016,cv13_implicit,high,1,manual,private,7,professional,state,3
P016,cv01_implicit,high,1,manual,private,8,professional,state,3
P016,cv14_implicit,low,1,manual,private,5,professional,private,6
P016,cv15_implicit,high,2,professional,private,5,manual,unsure,5
P016,cv08_implicit,high,1,unsure,private,3,unsure,unsure,6
P017,cv08_implicit,high,1,professional,private,5,manual,state,7
P017,cv04_implicit,high,1,manual,private,10,unsure,unsure,5
P017,cv09_implicit,high,1,professional,private,6,manual,private,7
P017,cv11_implicit,high,2,professional,private,9,professional,private,6
P017,cv15_implicit,low,2,manual,state,7,manual,state,6
P017,cv06_implicit,high,2,professional,private,7,professional,private,6
P018,cv14_implicit,low,2,manual,state,6,professional,private,8
P018,cv01_implicit,low,1,unsure,state,6,unsure,private,7
P018,cv03_implicit,high,2,professional,private,6,manual,state,5
P018,cv09_implicit,low,2,manual,state,7,manual,state,5
P018,cv08_implicit,high,2,professional,state,5,manual,unsure,5
P018,cv04_implicit,high,1,manual,private,6,manual,state,6
P019,cv06_implicit,high,1,unsure,private,7,manual,private,8
P019,cv14_implicit,low,1,manual,private,7,professional,private,7
P019,cv04_implicit,high,2,professional,state,4,unsure,unsure,4
P019,cv12_implicit,high,2,professional,unsure,6,professional,state,7
P019,cv09_implicit,low,2,manual,state,6,unsure,private,6
P019,cv10_implicit,high,1,professional,private,5,manual,state,6
P020,cv05_implicit,low,2,unsure,state,6,unsure,state,3
P020,cv10_implicit,high,2,professional,private,5,manual,state,3
P020,cv15_implicit,high,1,professional,private,8,professional,private,3
P020,cv06_implicit,high,1,manual,private,9,manual,state,4
P020,cv11_implicit,low,1,professional,state,8,manual,private,7
P020,cv04_implicit,low,2,professional,private,6,unsure,private,4
P021,cv10_implicit,low,2,unsure,state,4,professional,private,5
P021,cv12_implicit,high,1,professional,private,7,unsure,state,4
P021,cv04_implicit,high,1,unsure,private,4,professional,state,6
P021,cv05_implicit,high,2,professional,private,6,manual,state,6
P021,cv13_implicit,high,1,manual,unsure,5,manual,unsure,3
P021,cv14_implicit,low,2,unsure,state,6,manual,unsure,6
P022,cv10_implicit,low,1,manual,state,6,manual,private,6
P022,cv09_implicit,low,1,manual,state,8,unsure,private,5
P022,cv12_implicit,high,1,professional,private,5,manual,state,2
P022,cv05_implicit,low,1,manual,private,4,unsure,private,6
P022,cv03_implicit,high,2,professional,private,7,professional,state,4
P022,cv02_implicit,low,2,manual,unsure,9,professional,private,5
P023,cv01_implicit,high,2,professional,private,4,manual,state,6
P023,cv05_implicit,high,2,professional,private,8,professional,state,6
P023,cv15_implicit,low,1,manual,state,5,unsure,state,5
P023,cv09_implicit,low,1,unsure,private,5,manual,private,8
P023,cv14_implicit,low,2,manual,unsure,3,professional,unsure,5
P023,cv13_implicit,low,1,manual,state,5,unsure,private,6
P024,cv09_implicit,high,1,professional,private,4,professional,state,4
P024,cv06_implicit,high,2,professional,private,8,unsure,state,5
P024,cv05_implicit,low,1,unsure,private,7,professional,state,4
P024,cv11_implicit,high,2,professional,private,5,manual,unsure,6
P024,cv01_implicit,high,2,professional,private,2,manual,state,4
P024,cv14_implicit,high,1,professional,state,9,manual,state,6
