base_id,version,arm,variant,cv_file,form_file,pipeline_file,name,email,school,award,interests,parent_job,school_type
B01,v1,implicit,high,B01_v1.txt,,B01_implicit_high.txt,Hugo Pemberton,hugo.pemberton@example.com,"Bedford Modern School, Bedford, Bedfordshire",School Scholar (academic scholarship),"Rowing (school first VIII), violin (Grade 8), skiing",,
B01,v2,implicit,low,B01_v2.txt,,B01_implicit_low.txt,Connor Smith,connor.smith@example.com,"Mark Rutherford School, Bedford, Bedfordshire",Sutton Trust UK Summer School participant,"Five-a-side football, guitar (self-taught), gaming",,
B01,v3,explicit,high,B01_v3.txt,B01_v3_form.txt,B01_explicit_high.txt,James Taylor,james.taylor@example.com,(not named),Departmental prize for best second-year project,"Running, cooking, reading",Solicitor,Independent or fee-paying school
B01,v4,explicit,low,B01_v4.txt,B01_v4_form.txt,B01_explicit_low.txt,James Taylor,james.taylor@example.com,(not named),Departmental prize for best second-year project,"Running, cooking, reading",Warehouse operative,State-run or state-funded school
B01,v5,demographic,a,B01_v5.txt,,B01_demographic_a.txt,Daniel Walker,daniel.walker@example.com,(not named),Departmental prize for best second-year project,"Running, cooking, reading",,
B01,v6,demographic,b,B01_v6.txt,,B01_demographic_b.txt,Ibrahim Khan,ibrahim.khan@example.com,(not named),Departmental prize for best second-year project,"Running, cooking, reading",,
B02,v1,implicit,high,B02_v1.txt,,B02_implicit_high.txt,Imogen Beaumont,imogen.beaumont@example.com,"Tormead School, Guildford, Surrey",Sixth Form Academic Scholarship,"Lacrosse, piano (Grade 8), sailing",,
B02,v2,implicit,low,B02_v2.txt,,B02_implicit_low.txt,Kayleigh Jones,kayleigh.jones@example.com,"George Abbot School, Guildford, Surrey",Realising Opportunities participant,"Boxing, darts, going to the match",,
B02,v3,explicit,high,B02_v3.txt,B02_v3_form.txt,B02_explicit_high.txt,Sarah Thompson,sarah.thompson@example.com,(not named),"Subject prize, Mathematics","Swimming, films, podcasts",General practitioner (GP),Independent or fee-paying school
B02,v4,explicit,low,B02_v4.txt,B02_v4_form.txt,B02_explicit_low.txt,Sarah Thompson,sarah.thompson@example.com,(not named),"Subject prize, Mathematics","Swimming, films, podcasts",Cleaner,State-run or state-funded school
B02,v5,demographic,a,B02_v5.txt,,B02_demographic_a.txt,Emma Clarke,emma.clarke@example.com,(not named),"Subject prize, Mathematics","Swimming, films, podcasts",,
B02,v6,demographic,b,B02_v6.txt,,B02_demographic_b.txt,Adaeze Okafor,adaeze.okafor@example.com,(not named),"Subject prize, Mathematics","Swimming, films, podcasts",,
B03,v1,implicit,high,B03_v1.txt,,B03_implicit_high.txt,Rupert Whitworth,rupert.whitworth@example.com,"Sutton Valence School, Sutton Valence, Kent",Head of House,"Rugby union, cello (Grade 7), skiing",,
B03,v2,implicit,low,B03_v2.txt,,B03_implicit_low.txt,Kieran Wilson,kieran.wilson@example.com,"The Maplesden Noakes School, Maidstone, Kent",Sixth-form bursary award,"Rugby league, fishing, gaming",,
B03,v3,explicit,high,B03_v3.txt,B03_v3_form.txt,B03_explicit_high.txt,Thomas Green,thomas.green@example.com,(not named),Dean's Commendation for academic performance,"Cycling, photography, walking",Chartered accountant,Independent or fee-paying school
B03,v4,explicit,low,B03_v4.txt,B03_v4_form.txt,B03_explicit_low.txt,Thomas Green,thomas.green@example.com,(not named),Dean's Commendation for academic performance,"Cycling, photography, walking",Bus driver,State-run or state-funded school
B03,v5,demographic,a,B03_v5.txt,,B03_demographic_a.txt,Matthew Hall,matthew.hall@example.com,(not named),Dean's Commendation for academic performance,"Cycling, photography, walking",,
B03,v6,demographic,b,B03_v6.txt,,B03_demographic_b.txt,Arjun Sharma,arjun.sharma@example.com,(not named),Dean's Commendation for academic performance,"Cycling, photography, walking",,
B04,v1,implicit,high,B04_v1.txt,,B04_implicit_high.txt,Arabella Fortescue-Grey,arabella.fortescue-grey@example.com,"Taunton School, Taunton, Somerset",Senior Prefect,"Hockey, choral singing, tennis",,
B04,v2,implicit,low,B04_v2.txt,,B04_implicit_low.txt,Chelsea Brown,chelsea.brown@example.com,"The Castle School, Taunton, Somerset",16 to 19 Bursary Fund recipient,"Five-a-side football, snooker, BMX",,
B04,v3,explicit,high,B04_v3.txt,B04_v3_form.txt,B04_explicit_high.txt,Laura Mitchell,laura.mitchell@example.com,(not named),"Best dissertation in cohort, Business Management","Badminton, cooking, films",Architect,Independent or fee-paying school
B04,v4,explicit,low,B04_v4.txt,B04_v4_form.txt,B04_explicit_low.txt,Laura Mitchell,laura.mitchell@example.com,(not named),"Best dissertation in cohort, Business Management","Badminton, cooking, films",Care assistant (care home),State-run or state-funded school
B04,v5,demographic,a,B04_v5.txt,,B04_demographic_a.txt,Hannah Foster,hannah.foster@example.com,(not named),"Best dissertation in cohort, Business Management","Badminton, cooking, films",,
B04,v6,demographic,b,B04_v6.txt,,B04_demographic_b.txt,Ngozi Eze,ngozi.eze@example.com,(not named),"Best dissertation in cohort, Business Management","Badminton, cooking, films",,
B05,v1,implicit,high,B05_v1.txt,,B05_implicit_high.txt,Henry Fairfax,henry.fairfax@example.com,"Warwick School, Warwick, Warwickshire",School Prize for Geography and Senior Prefect,"Sailing, debating, fencing",,
B05,v2,implicit,low,B05_v2.txt,,B05_implicit_low.txt,Callum Hughes,callum.hughes@example.com,"Myton School, Warwick, Warwickshire",Social Mobility Foundation Aspiring Professionals Programme,"Gaming, fishing, darts",,
B05,v3,explicit,high,B05_v3.txt,B05_v3_form.txt,B05_explicit_high.txt,Andrew Roberts,andrew.roberts@example.com,(not named),"Subject prize, Geography","Running, podcasts, photography",University lecturer,Independent or fee-paying school
B05,v4,explicit,low,B05_v4.txt,B05_v4_form.txt,B05_explicit_low.txt,Andrew Roberts,andrew.roberts@example.com,(not named),"Subject prize, Geography","Running, podcasts, photography",Delivery driver,State-run or state-funded school
B05,v5,demographic,a,B05_v5.txt,,B05_demographic_a.txt,Christopher Bennett,christopher.bennett@example.com,(not named),"Subject prize, Geography","Running, podcasts, photography",,
B05,v6,demographic,b,B05_v6.txt,,B05_demographic_b.txt,Imran Malik,imran.malik@example.com,(not named),"Subject prize, Geography","Running, podcasts, photography",,
B06,v1,implicit,high,B06_v1.txt,,B06_implicit_high.txt,Clementine Wentworth,clementine.wentworth@example.com,"Ashville College, Harrogate, North Yorkshire",School Scholar (academic scholarship),"Riding (eventing), piano (Grade 7), lacrosse",,
B06,v2,implicit,low,B06_v2.txt,,B06_implicit_low.txt,Jade Wright,jade.wright@example.com,"Rossett School, Harrogate, North Yorkshire",Sutton Trust UK Summer School participant,"Boxing, guitar (self-taught), going to the match",,
B06,v3,explicit,high,B06_v3.txt,B06_v3_form.txt,B06_explicit_high.txt,Rachel Carter,rachel.carter@example.com,(not named),Dean's Commendation for academic performance,"Walking, reading, swimming",Dentist,Independent or fee-paying school
B06,v4,explicit,low,B06_v4.txt,B06_v4_form.txt,B06_explicit_low.txt,Rachel Carter,rachel.carter@example.com,(not named),Dean's Commendation for academic performance,"Walking, reading, swimming",Supermarket cashier,State-run or state-funded school
B06,v5,demographic,a,B06_v5.txt,,B06_demographic_a.txt,Katie Palmer,katie.palmer@example.com,(not named),Dean's Commendation for academic performance,"Walking, reading, swimming",,
B06,v6,demographic,b,B06_v6.txt,,B06_demographic_b.txt,Abena Boateng,abena.boateng@example.com,(not named),Dean's Commendation for academic performance,"Walking, reading, swimming",,
B07,v1,implicit,high,B07_v1.txt,,B07_implicit_high.txt,Felix Harrington-Blake,felix.harrington-blake@example.com,"Yarm School, Yarm, North Yorkshire",Head of House,"Rowing, debating, rugby union",,
B07,v2,implicit,low,B07_v2.txt,,B07_implicit_low.txt,Jayden Dean,jayden.dean@example.com,"Conyers School, Yarm, North Yorkshire",Sixth-form bursary award,"Rugby league, five-a-side football, snooker",,
B07,v3,explicit,high,B07_v3.txt,B07_v3_form.txt,B07_explicit_high.txt,Jack Turner,jack.turner@example.com,(not named),"Best dissertation in cohort, Psychology","Cycling, cooking, podcasts",Consultant surgeon,Independent or fee-paying school
B07,v4,explicit,low,B07_v4.txt,B07_v4_form.txt,B07_explicit_low.txt,Jack Turner,jack.turner@example.com,(not named),"Best dissertation in cohort, Psychology","Cycling, cooking, podcasts",Security guard,State-run or state-funded school
B07,v5,demographic,a,B07_v5.txt,,B07_demographic_a.txt,Ben Cooper,ben.cooper@example.com,(not named),"Best dissertation in cohort, Psychology","Cycling, cooking, podcasts",,
B07,v6,demographic,b,B07_v6.txt,,B07_demographic_b.txt,Rohan Desai,rohan.desai@example.com,(not named),"Best dissertation in cohort, Psychology","Cycling, cooking, podcasts",,
B08,v1,implicit,high,B08_v1.txt,,B08_implicit_high.txt,Georgina Courtenay,georgina.courtenay@example.com,"Exeter School, Exeter, Devon",Sixth Form Academic Scholarship,"Tennis, violin (Grade 7), skiing",,
B08,v2,implicit,low,B08_v2.txt,,B08_implicit_low.txt,Shannon Davies,shannon.davies@example.com,"Ivybridge Community College, Ivybridge, Devon",Realising Opportunities participant,"BMX, gaming, guitar (self-taught)",,
B08,v3,explicit,high,B08_v3.txt,B08_v3_form.txt,B08_explicit_high.txt,Lucy Watson,lucy.watson@example.com,(not named),Departmental prize for best second-year project,"Badminton, reading, films",Secondary school head teacher,Independent or fee-paying school
B08,v4,explicit,low,B08_v4.txt,B08_v4_form.txt,B08_explicit_low.txt,Lucy Watson,lucy.watson@example.com,(not named),Departmental prize for best second-year project,"Badminton, reading, films",Kitchen assistant,State-run or state-funded school
B08,v5,demographic,a,B08_v5.txt,,B08_demographic_a.txt,Rebecca Chapman,rebecca.chapman@example.com,(not named),Departmental prize for best second-year project,"Badminton, reading, films",,
B08,v6,demographic,b,B08_v6.txt,,B08_demographic_b.txt,Chiamaka Nwosu,chiamaka.nwosu@example.com,(not named),Departmental prize for best second-year project,"Badminton, reading, films",,
B09,v1,implicit,high,B09_v1.txt,,B09_implicit_high.txt,Oliver Montague,oliver.montague@example.com,"Bolton School, Bolton, Lancashire",School Prize for Mathematics and Head of House,"Fencing, choral singing, hockey",,
B09,v2,implicit,low,B09_v2.txt,,B09_implicit_low.txt,Jordan Evans,jordan.evans@example.com,"Turton School, Bolton, Lancashire",Social Mobility Foundation Aspiring Professionals Programme,"Darts, fishing, five-a-side football",,
B09,v3,explicit,high,B09_v3.txt,B09_v3_form.txt,B09_explicit_high.txt,Samuel Harris,samuel.harris@example.com,(not named),"Subject prize, Accounting and Finance","Swimming, photography, running",Actuary,Independent or fee-paying school
B09,v4,explicit,low,B09_v4.txt,B09_v4_form.txt,B09_explicit_low.txt,Samuel Harris,samuel.harris@example.com,(not named),"Subject prize, Accounting and Finance","Swimming, photography, running",Labourer,State-run or state-funded school
B09,v5,demographic,a,B09_v5.txt,,B09_demographic_a.txt,Joseph Marshall,joseph.marshall@example.com,(not named),"Subject prize, Accounting and Finance","Swimming, photography, running",,
B09,v6,demographic,b,B09_v6.txt,,B09_demographic_b.txt,Usman Mahmood,usman.mahmood@example.com,(not named),"Subject prize, Accounting and Finance","Swimming, photography, running",,
B10,v1,implicit,high,B10_v1.txt,,B10_implicit_high.txt,Rosalind Cavendish,rosalind.cavendish@example.com,"Eastbourne College, Eastbourne, East Sussex",Senior Prefect,"Riding, cello (Grade 8), tennis",,
B10,v2,implicit,low,B10_v2.txt,,B10_implicit_low.txt,Courtney Williams,courtney.williams@example.com,"Seaford Head School, Seaford, East Sussex",16 to 19 Bursary Fund recipient,"Going to the match, boxing, gaming",,
B10,v3,explicit,high,B10_v3.txt,B10_v3_form.txt,B10_explicit_high.txt,Amy Webb,amy.webb@example.com,(not named),Dean's Commendation for academic performance,"Walking, cooking, badminton",Solicitor,Independent or fee-paying school
B10,v4,explicit,low,B10_v4.txt,B10_v4_form.txt,B10_explicit_low.txt,Amy Webb,amy.webb@example.com,(not named),Dean's Commendation for academic performance,"Walking, cooking, badminton",Hospital porter,State-run or state-funded school
B10,v5,demographic,a,B10_v5.txt,,B10_demographic_a.txt,Megan Elliott,megan.elliott@example.com,(not named),Dean's Commendation for academic performance,"Walking, cooking, badminton",,
B10,v6,demographic,b,B10_v6.txt,,B10_demographic_b.txt,Ama Owusu,ama.owusu@example.com,(not named),Dean's Commendation for academic performance,"Walking, cooking, badminton",,
B11,v1,implicit,high,B11_v1.txt,,B11_implicit_high.txt,Arthur Fitzwilliam,arthur.fitzwilliam@example.com,"Barnard Castle School, Barnard Castle, County Durham",School Scholar (academic scholarship),"Rugby union, sailing, debating",,
B11,v2,implicit,low,B11_v2.txt,,B11_implicit_low.txt,Liam Robinson,liam.robinson@example.com,"Teesdale School and Sixth Form, Barnard Castle, County Durham",Sutton Trust UK Summer School participant,"Snooker, rugby league, guitar (self-taught)",,
B11,v3,explicit,high,B11_v3.txt,B11_v3_form.txt,B11_explicit_high.txt,David Parker,david.parker@example.com,(not named),"Best dissertation in cohort, Business and Management","Reading, cycling, films",Chartered accountant,Independent or fee-paying school
B11,v4,explicit,low,B11_v4.txt,B11_v4_form.txt,B11_explicit_low.txt,David Parker,david.parker@example.com,(not named),"Best dissertation in cohort, Business and Management","Reading, cycling, films",Packer,State-run or state-funded school
B11,v5,demographic,a,B11_v5.txt,,B11_demographic_a.txt,Richard Morris,richard.morris@example.com,(not named),"Best dissertation in cohort, Business and Management","Reading, cycling, films",,
B11,v6,demographic,b,B11_v6.txt,,B11_demographic_b.txt,Amit Shah,amit.shah@example.com,(not named),"Best dissertation in cohort, Business and Management","Reading, cycling, films",,
B12,v1,implicit,high,B12_v1.txt,,B12_implicit_high.txt,Harriet Devereux,harriet.devereux@example.com,"Pocklington School, Pocklington, East Yorkshire",Sixth Form Academic Scholarship,"Skiing, hockey, piano (Grade 8)",,
B12,v2,implicit,low,B12_v2.txt,,B12_implicit_low.txt,Jodie Lee,jodie.lee@example.com,"Woldgate School and Sixth Form College, Pocklington, East Yorkshire",Realising Opportunities participant,"Fishing, BMX, going to the match",,
B12,v3,explicit,high,B12_v3.txt,B12_v3_form.txt,B12_explicit_high.txt,Sophie Reid,sophie.reid@example.com,(not named),Departmental prize for best second-year project,"Running, swimming, podcasts",Architect,Independent or fee-paying school
B12,v4,explicit,low,B12_v4.txt,B12_v4_form.txt,B12_explicit_low.txt,Sophie Reid,sophie.reid@example.com,(not named),Departmental prize for best second-year project,"Running, swimming, podcasts",Catering assistant,State-run or state-funded school
B12,v5,demographic,a,B12_v5.txt,,B12_demographic_a.txt,Claire Barker,claire.barker@example.com,(not named),Departmental prize for best second-year project,"Running, swimming, podcasts",,
B12,v6,demographic,b,B12_v6.txt,,B12_demographic_b.txt,Yewande Adebayo,yewande.adebayo@example.com,(not named),Departmental prize for best second-year project,"Running, swimming, podcasts",,
B13,v1,implicit,high,B13_v1.txt,,B13_implicit_high.txt,Benedict Ashcroft,benedict.ashcroft@example.com,"Solihull School, Solihull, West Midlands",School Prize for Mathematics and Senior Prefect,"Rowing, fencing, choral singing",,
B13,v2,implicit,low,B13_v2.txt,,B13_implicit_low.txt,Kyle Johnson,kyle.johnson@example.com,"Alderbrook School, Solihull, West Midlands",Social Mobility Foundation Aspiring Professionals Programme,"Five-a-side football, boxing, darts",,
B13,v3,explicit,high,B13_v3.txt,B13_v3_form.txt,B13_explicit_high.txt,Adam Phillips,adam.phillips@example.com,(not named),"Subject prize, Computer Science","Photography, walking, cooking",University lecturer,Independent or fee-paying school
B13,v4,explicit,low,B13_v4.txt,B13_v4_form.txt,B13_explicit_low.txt,Adam Phillips,adam.phillips@example.com,(not named),"Subject prize, Computer Science","Photography, walking, cooking",Warehouse operative,State-run or state-funded school
B13,v5,demographic,a,B13_v5.txt,,B13_demographic_a.txt,Luke Dawson,luke.dawson@example.com,(not named),"Subject prize, Computer Science","Photography, walking, cooking",,
B13,v6,demographic,b,B13_v6.txt,,B13_demographic_b.txt,Zain Hussain,zain.hussain@example.com,(not named),"Subject prize, Computer Science","Photography, walking, cooking",,
B14,v1,implicit,high,B14_v1.txt,,B14_implicit_high.txt,Octavia Lascelles,octavia.lascelles@example.com,"Norwich School, Norwich, Norfolk",Head of House,"Lacrosse, riding, violin (Grade 7)",,
B14,v2,implicit,low,B14_v2.txt,,B14_implicit_low.txt,Chantelle Thomas,chantelle.thomas@example.com,"City of Norwich School, Norwich, Norfolk",Sixth-form bursary award,"Gaming, snooker, rugby league",,
B14,v3,explicit,high,B14_v3.txt,B14_v3_form.txt,B14_explicit_high.txt,Emily Hudson,emily.hudson@example.com,(not named),Dean's Commendation for academic performance,"Badminton, cycling, reading",General practitioner (GP),Independent or fee-paying school
B14,v4,explicit,low,B14_v4.txt,B14_v4_form.txt,B14_explicit_low.txt,Emily Hudson,emily.hudson@example.com,(not named),Dean's Commendation for academic performance,"Badminton, cycling, reading",Cleaner,State-run or state-funded school
B14,v5,demographic,a,B14_v5.txt,,B14_demographic_a.txt,Jessica Lawson,jessica.lawson@example.com,(not named),Dean's Commendation for academic performance,"Badminton, cycling, reading",,
B14,v6,demographic,b,B14_v6.txt,,B14_demographic_b.txt,Adaora Okonkwo,adaora.okonkwo@example.com,(not named),Dean's Commendation for academic performance,"Badminton, cycling, reading",,
B15,v1,implicit,high,B15_v1.txt,,B15_implicit_high.txt,Cressida Pelham-Vane,cressida.pelham-vane@example.com,"Cheadle Hulme School, Cheadle Hulme, Cheshire",Senior Prefect,"Sailing, tennis, cello (Grade 7)",,
B15,v2,implicit,low,B15_v2.txt,,B15_implicit_low.txt,Kelsey Jackson,kelsey.jackson@example.com,"Holmes Chapel Comprehensive School, Holmes Chapel, Cheshire",16 to 19 Bursary Fund recipient,"Guitar (self-taught), BMX, five-a-side football",,
B15,v3,explicit,high,B15_v3.txt,B15_v3_form.txt,B15_explicit_high.txt,Charlotte Gibson,charlotte.gibson@example.com,(not named),"Best dissertation in cohort, Mathematics","Films, running, walking",Dentist,Independent or fee-paying school
B15,v4,explicit,low,B15_v4.txt,B15_v4_form.txt,B15_explicit_low.txt,Charlotte Gibson,charlotte.gibson@example.com,(not named),"Best dissertation in cohort, Mathematics","Films, running, walking",Care assistant (care home),State-run or state-funded school
B15,v5,demographic,a,B15_v5.txt,,B15_demographic_a.txt,Alice Fletcher,alice.fletcher@example.com,(not named),"Best dissertation in cohort, Mathematics","Films, running, walking",,
B15,v6,demographic,b,B15_v6.txt,,B15_demographic_b.txt,Priya Patel,priya.patel@example.com,(not named),"Best dissertation in cohort, Mathematics","Films, running, walking",,
